ID,Prediction
WVaKolrXogyaTFnf.jpg,sunflower
HNz6mHCEmXfhaLhS.jpg,sunflower
ebHNzy0hViY0GjKU.jpg,sunflower
mjzM4xRu27Y1lWAB.jpg,rose
F6pSmkNkY32GxwDN.jpg,tulip
HGEJ633fqtKRR0Fn.jpg,rose
j5SDx30ZAD5gZk7h.jpg,dandelion
F3kYYzzrBS6YU3ot.jpg,dandelion
K5UeTCToAo6ujm6D.jpg,tulip
Joj86IHHobdjFm1u.jpg,sunflower
KRkZpTxCJoAobQQg.jpg,sunflower
M0lOgeMCmFyMfZYK.jpg,tulip
9JDo0bobGMg2fWor.jpg,rose
5QHrh8fV4nwE1qi2.jpg,daisy
yICuagdJKaVPgCfe.jpg,dandelion
mcrkqF0UldYMQIFV.jpg,dandelion
g89tZMSYb2TUnfr2.jpg,tulip
ma4b6IdRRc2O6pbH.jpg,dandelion
yofcZ3aLyRXsbonY.jpg,dandelion
3SfWnEwMP2550hio.jpg,tulip
cEkuf6ZDLo8nJUb5.jpg,dandelion
2KyK9WHFXA5tnbqy.jpg,sunflower
X6WeLXkBfF6ANO3A.jpg,tulip
BbNUqDyj7U0oOIPM.jpg,dandelion
EWS2kEeqrI9a45Ig.jpg,sunflower
dku2u0lnlQNNPpPe.jpg,rose
9ikq7N8XKUp54jQY.jpg,sunflower
kX3QLPtoBX6NuNoB.jpg,daisy
30ZrjfIZQ1jyE9AN.jpg,daisy
NnyckD9rxcona4Qz.jpg,sunflower
DrwBsEAZnAndOjLp.jpg,dandelion
y34nIAvqETYQSM6O.jpg,daisy
FuhGbOfgQR1caWRW.jpg,daisy
hVxBvvFy8a3GrTDH.jpg,tulip
r0Z1laDQTYDx67mk.jpg,dandelion
vjmE0S5NfMA6Ywh4.jpg,rose
0ySreIjK2EKRLv3j.jpg,sunflower
QICjXwfOj3eL9FTb.jpg,daisy
Yw7fuGsXEF1BYnC6.jpg,sunflower
wfhgYcNZbIJi0iIo.jpg,rose
wJ1KIPchTXidmmyK.jpg,rose
dn5W0sz9cyoNMfnB.jpg,tulip
PVZCoM3UK2VOKy14.jpg,daisy
RIa96SPMctnMwAwb.jpg,sunflower
cIJ5tjvH1u1AIsAq.jpg,dandelion
qPSDkHBVlrwa9Ixc.jpg,daisy
6GdGJBknJAJN1GJg.jpg,dandelion
0SVcWI02EaDCPa5d.jpg,tulip
TLaX9VNBcFUqKjaq.jpg,rose
5gn2baU63QV8H143.jpg,sunflower
mlU3SFYeKDL7YuSl.jpg,sunflower
2Mx0bfTMbeGs0C3O.jpg,tulip
jQPwCl5hb2ojPS7E.jpg,sunflower
kT9M1SGYSbJIhgaT.jpg,rose
4STIPgHct7rZY8ld.jpg,sunflower
hL2zxxzb9NFXhqrQ.jpg,daisy
Nmxkg3CvachRKl8z.jpg,dandelion
ODxtCyMR5zDLua0B.jpg,daisy
9vGxtJL8xLIhnSPL.jpg,sunflower
jyKOYWWoiJdfPxFu.jpg,tulip
kGpsUMkj7W5d6MFT.jpg,sunflower
kpbSPN3uR9Qq5rkY.jpg,rose
KSimHZtCZ7zEkUpi.jpg,dandelion
ckQBf9XhBk9j6yWt.jpg,dandelion
JC6uYzhqSEgNN9U3.jpg,sunflower
saTui0xHbGjTRQDA.jpg,daisy
2LW3HxrWm8mlvFXE.jpg,rose
v3xF6CNppwiCuvFy.jpg,tulip
7JjdgPzmKvTmuWYz.jpg,daisy
IW2jtSAp3MHGRai9.jpg,sunflower
Zb6PVdOj0imAX4BQ.jpg,daisy
hJadLQfuzCsjrXwp.jpg,daisy
37uayknkLbg4eKA5.jpg,tulip
3ECDxykUyomGzOUz.jpg,rose
bxnj2u6ZNV6r6wf9.jpg,tulip
vBr0UESCFWnMwdp6.jpg,daisy
i3Ecqvsov1Qa0xrE.jpg,tulip
6YfdEYSAaBdES4PX.jpg,sunflower
zUWSaAZkUygN9zFh.jpg,rose
y62KFWKUEGAoO4Qa.jpg,rose
8fprErX5nyvtZzE7.jpg,rose
lBM2jwhxkjDJfZS4.jpg,rose
jV1S1yfxfN0Hyll1.jpg,sunflower
SLCXAS1tTXloLV3a.jpg,rose
ouAHCFX5I6T8WLXS.jpg,daisy
ZkXNBzslScuW4KeM.jpg,rose
GDqWaBOmBrmG6Ihm.jpg,tulip
OjRh6EnM2Jqg4t3m.jpg,daisy
AUEAFFgKrhgI6pm1.jpg,tulip
7urWbS8fNelmHLR1.jpg,daisy
HGHuEYmZyKH50jxF.jpg,sunflower
h09jBbdjQm0z1pow.jpg,dandelion
ZSd1VJouDbhCM1Gv.jpg,daisy
Zatpl22c9N4FUc1S.jpg,tulip
v4v0NN3cbrwnbvAl.jpg,rose
ACpKZU7FLEOM7UYR.jpg,daisy
RTcFJr8Qrxj7v70w.jpg,dandelion
0rVFbQLbLcjFbJvR.jpg,tulip
r3YUuUuH0axiqu6d.jpg,dandelion
2J3GI4vh6fFB3eGE.jpg,dandelion
MOhRu4wpSSnXRVhp.jpg,tulip
JEZjU7Qru1Bjtr04.jpg,tulip
C10jTCBZCLGbrA2d.jpg,sunflower
gJBEwevuXOVyyStV.jpg,rose
weFq3MeFy71O7SDt.jpg,dandelion
3BkwLbTvFKCD5SZP.jpg,tulip
BhQ3J9bQnjE4tpmw.jpg,sunflower
rL0Kh3Ttv3EmnQRA.jpg,sunflower
TBxO1J0gCouqHFqT.jpg,sunflower
iKUXwMcawAHNB5IU.jpg,sunflower
cz9TrS63fJ9amFBn.jpg,rose
zxz3BUxZdRpirxdv.jpg,sunflower
L4XW5QnECIUnwv5x.jpg,sunflower
vkNAgUaUGzV4HK7h.jpg,rose
LITH3dTpnjWoh4La.jpg,daisy
wthIxz0C0Fw9JyI7.jpg,daisy
BqIeAuqhY1kULNZN.jpg,daisy
ThRZPt0jQS3TK5hs.jpg,dandelion
otxUQqtlcDXTpTxb.jpg,tulip
1lOXJMKTAUSDE46e.jpg,daisy
nosGKSedybwRksvu.jpg,rose
1cfTX06bZq2G4n24.jpg,tulip
VAlx7KsiRATWTKnx.jpg,dandelion
f5o6Z0Za9llGdeJ2.jpg,rose
pKYR1AxPIhcuJ9qf.jpg,sunflower
MkRc4HBUCzFqAm8X.jpg,tulip
d9fKBmx1yfl4oHsK.jpg,tulip
oRVBJpXbfuL8qcRL.jpg,rose
gXzfGbZC4ptB0Ghc.jpg,dandelion
7fwigAoFYSrlZufG.jpg,rose
3HiKxV4vV8IQdZme.jpg,rose
PiIc3iv7BcPtNZew.jpg,rose
i3RIIbXXSZyl65zU.jpg,rose
if1JDBvWhLi1bd73.jpg,tulip
8W7xIwwamTila8a0.jpg,dandelion
n2f6hkdizpXNYTm9.jpg,rose
5jtUOigibCw74tO7.jpg,daisy
5bdSg2EXv2ds7lqv.jpg,tulip
qGxbrAHqHYMYycwd.jpg,sunflower
PqEfV5FzWieVAv5e.jpg,daisy
lpcrVCJ3hpYMI1jD.jpg,rose
l9Sb7CGJfQsYAS6e.jpg,dandelion
eOPCWyJ1R8mvjAe2.jpg,rose
MfPn0Xokagh1lP4P.jpg,sunflower
pPRfWNSwQoW3qiVy.jpg,rose
EKTmgN68MLkPrUPe.jpg,rose
Kw1tbnFIcwH9WdzA.jpg,rose
QOHpRCs7tRDrl6dY.jpg,dandelion
EPZk5jbtrumRPdA1.jpg,rose
IsHW84myToU4jE4t.jpg,tulip
qCYCfEzw7atdcSGP.jpg,tulip
8RmsutLLSpwXYMi2.jpg,dandelion
kOvl2GfzejKlaTOI.jpg,sunflower
CKi62xtWulLInPYr.jpg,tulip
nA0rppE5hNi4wXPN.jpg,tulip
krfSAbdjBwI2poHN.jpg,rose
gLh9toqkt5yE7dx2.jpg,rose
Vxgtc2VnYeFSb1qz.jpg,daisy
jR7O93IiDdrtZ70H.jpg,rose
IWO03YCNnVC0o1Ip.jpg,sunflower
bAb3DartwhyKcATa.jpg,sunflower
mRQy0qBTcae8ziXy.jpg,dandelion
trMgiPGeLT82U6vp.jpg,dandelion
iAsBm3y9lenEo2bl.jpg,daisy
6NKeUwUdeAbnUzQh.jpg,sunflower
r2P7uJ2HozrgEnLt.jpg,tulip
udmnWPeKi2xMdiW1.jpg,rose
UP30a74BXsMjzWq6.jpg,rose
qzuTMHTbAoS275hU.jpg,sunflower
P34vxH3sTLMcVTjH.jpg,rose
74XApoUbLwK2Efzw.jpg,daisy
VFmFx5DdVa1rOXIP.jpg,daisy
aCvxtKvhex1NONzx.jpg,tulip
1NBYMjaOOc8fONaE.jpg,dandelion
sUjEtd5JngzS4W2z.jpg,tulip
X0fdYgOFfb3iCo4c.jpg,tulip
eAsuvWZw9rfeg053.jpg,daisy
b0e64RBKXsvMKymh.jpg,daisy
wje52kJJA7h5dYRk.jpg,dandelion
X83Kvux2nfUKVPD9.jpg,dandelion
oNVSkDTTg7FmZeFB.jpg,daisy
pF0zE4LownYycusL.jpg,dandelion
M58HAgbi5iTRWock.jpg,sunflower
2XjlWBKiLzY8CENS.jpg,tulip
2DAnipq6NSELpgPU.jpg,tulip
HJXHCi2XCZK6QagN.jpg,sunflower
zYo03Dka8IkmpEES.jpg,daisy
Yk09J2o7ePfyLUR0.jpg,tulip
mbas27j8x2TDOk8h.jpg,tulip
ofzcPqE9NvjL1qHf.jpg,sunflower
R0Br0P4wgOhGNRhA.jpg,daisy
cHlbhlzn2UJbp0ah.jpg,daisy
3VDbV3wjnzGv0NKW.jpg,daisy
jjRro6Tkyy1kC428.jpg,tulip
Ao2iT1sYjjC4OdLJ.jpg,dandelion
bovcYkpaDJzqxJAz.jpg,rose
jLTI5rUuTFRinNkn.jpg,dandelion
dTVdxNbebjKGWGuj.jpg,sunflower
hWYsIiZyX4y5nfFk.jpg,daisy
ems5R5FVMkGaKeQG.jpg,daisy
mFRpyF0KhWGMGac3.jpg,sunflower
kXYFR0RjJw5pS4k0.jpg,sunflower
uxDlFBt8JrVRxFYq.jpg,dandelion
eyFkrIiwsXBOIiHk.jpg,rose
VAsIjjbdCacGAxNw.jpg,sunflower
R0K5OChMH4O4BfVg.jpg,sunflower
wfk9ps2N9fWAGDfq.jpg,sunflower
aU0bMurCJrSwZ3m4.jpg,dandelion
svc9cgFneKgZXeq3.jpg,tulip
zJeauTmRS7Gbs7Z5.jpg,dandelion
152UQp96lS7d5zBy.jpg,sunflower
GqkhblfwNSURzWK1.jpg,sunflower
K1lCqEC4vLNPIbG7.jpg,rose
0lduux1Tl2s5nl7J.jpg,tulip
3F8EswLWNumwyYHl.jpg,daisy
NOK0AAKaY87W2PRf.jpg,tulip
4cBuNaXGeKaz8TuG.jpg,dandelion
vWZ1McAZBjfoFqg4.jpg,daisy
kHM2WojIInxZvqdt.jpg,sunflower
jUZQVvaUdXhK148Q.jpg,rose
Vn7ahWYsZz6J6xBE.jpg,sunflower
drLUoVglmjHChMdX.jpg,sunflower
kSJdFw1HfSY7KpdV.jpg,tulip
BSmXWwwndr6dzLIu.jpg,tulip
DZsBI89ZQ788jmvj.jpg,sunflower
CjkbhTlBJJ9ZNEVx.jpg,dandelion
IgGHIYq4qv4fv263.jpg,rose
ddJeMtevgOjgAcSE.jpg,dandelion
asFDSRvDtKIMBBkw.jpg,rose
Kcq32fqdGXRrmr8Y.jpg,dandelion
0eCM4xDhupI0KhJV.jpg,daisy
XKYxPGbbXsj4aHKr.jpg,dandelion
p7lM1UVIX6htr1On.jpg,dandelion
TJpBJH3cEelInIP6.jpg,dandelion
m5l9r1goJ8KjgO0A.jpg,dandelion
hpyA8KJLRQABPXUL.jpg,daisy
zw6P2XqTrXbuZRFy.jpg,daisy
R6Q1sxUUVh0jZbUB.jpg,tulip
bcikc3yqAz6ftS2v.jpg,tulip
PyHRj5wuvy46YoYN.jpg,tulip
UMjpVx5S1ZnJ6b4y.jpg,rose
ZNLHrRb6E07POVre.jpg,rose
PhkMD2ZaozOlsc3O.jpg,rose
F7OF53K4OTQFvGFU.jpg,daisy
mnvON6uGeRylEeKw.jpg,dandelion
tZNjtnO9DVfwvU2N.jpg,tulip
oORwIuBsGfOKkAJt.jpg,daisy
gmvu7Z0C2kVBgVxr.jpg,daisy
NDcdiH5w0MMzyZ6k.jpg,rose
ml8ZjlGCOq17RCh9.jpg,rose
RwPUbzCMTCp2bDvB.jpg,tulip
vVvWXW1oumRdg2Cs.jpg,rose
9OQ6wHyNVCbWfoSX.jpg,sunflower
bbRUPMALgI9ezrwV.jpg,sunflower
n0wnuP4ME5An4z3S.jpg,daisy
TOavV8reZmopzP1p.jpg,dandelion
YD2Ily9rWCeWmEN8.jpg,tulip
Q0KRga9JIraDXs5u.jpg,rose
YiDKDV4DLDOiQmGR.jpg,dandelion
JJmpLJxHnB18TLHj.jpg,daisy
9MnTY2xLQRjIy8aF.jpg,dandelion
vOiWbqC5ukSVPmwv.jpg,tulip
33H1BQcOSCbF4CjM.jpg,sunflower
1A5WQu6VZEcuUeSU.jpg,rose
fOYarUBcYpx9JNvu.jpg,sunflower
O3GYsh9LUc0g4QdP.jpg,rose
MBwTKF2yOU6O0hbd.jpg,sunflower
h0xJCURMuq9Eozcr.jpg,dandelion
Av0BRREUoGhjhRbd.jpg,sunflower
yD4kdzl8kkqfUtBP.jpg,rose
ipKBY5PubVW7tkyU.jpg,dandelion
QrneyeXyBP2eaKai.jpg,rose
5M8pK59WNj2mqdYX.jpg,daisy
1HhfG7TReD1Tq0sX.jpg,rose
hBlZJTfd44QsRCcb.jpg,tulip
UmviUVjeQYxI3UrI.jpg,sunflower
zULLahfQAySCfdw7.jpg,rose
Icn8ifldcBjFCuWI.jpg,dandelion
cMU8pfgoFYj1eDxk.jpg,tulip
9197fJK64o9jDHgu.jpg,daisy
53vzcWMDLJhCjXSV.jpg,daisy
uYPZ9gXs8DO4hB7h.jpg,tulip
Xdq6xmrlIfXktVqz.jpg,daisy
eHqHXWTDcIM76Fjp.jpg,rose
AcIMaINhArVsfC3R.jpg,tulip
Mv6qT89BbCwF43EY.jpg,rose
LQqTGl88Rcb8iMSf.jpg,tulip
atPA5JH1120YItAe.jpg,rose
lt2Yu2Ky0RGZ0J5i.jpg,rose
QY3iklZpT7sE3WX7.jpg,rose
lwVD5tmNSaMbJHKm.jpg,tulip
Qh5iSB73BbtGikFT.jpg,daisy
vMbPrrOvE6GIXuTd.jpg,sunflower
oWXgqhOg5lV7cljJ.jpg,daisy
axozZcSbKCeneQsW.jpg,rose
HbBdvvsTN9iAX5Kz.jpg,rose
zrP17HSLtbAD7mHw.jpg,dandelion
8kHfzIpNbLKaJBH5.jpg,rose
5GMScKts64uWt3f7.jpg,dandelion
BBegHszYDjbpJTua.jpg,tulip
jB7hfLCsyeBRIICU.jpg,dandelion
CQWZlhuLmZsRZQQa.jpg,daisy
mdnlOmZyGhjHfsNt.jpg,dandelion
hBkFTtfUZLGMxiMQ.jpg,rose
4kskJiPwDUx3nPUS.jpg,tulip
iR9X6Ld7WOC4fyzq.jpg,tulip
kjQxxZq4R9Fxczyw.jpg,rose
KZkVowm5XyKr4LpR.jpg,daisy
Rb0qS4rDko6YkACv.jpg,dandelion
WCea0KMIpCZqi76I.jpg,sunflower
K3mNxbG2jpah1Wc9.jpg,sunflower
vaDX7kff47V4mhxm.jpg,dandelion
6FgaNKL4Xw35vfoA.jpg,daisy
6K8fQVd7wZ7R0Hje.jpg,tulip
gDcHy36yKyFXgd0B.jpg,dandelion
EHOwhImKAo5H6IQ5.jpg,daisy
xICzasYTToPm4ZYh.jpg,tulip
NBkm7VF7Io9WLJpI.jpg,rose
OjbrCP7aGY6LjdrW.jpg,daisy
xywcKkHOA89SERF9.jpg,rose
8MIqzd3dCRp1hhcc.jpg,rose
AStZwX694W4spAfL.jpg,sunflower
xvbbqKtAazGT07zP.jpg,sunflower
0znUJlpraIcBQ4qi.jpg,dandelion
oRJEweJp5Bhto1Er.jpg,rose
yJVhWhLGXGnvVDGW.jpg,rose
AXzioJagbEDBtCsX.jpg,sunflower
5BfhQ1HZt2GJEzSM.jpg,dandelion
pnQcM0v3mid77fEc.jpg,sunflower
0ryt7h3w6rhzXMEP.jpg,sunflower
hE41HbXoiND8braU.jpg,dandelion
XKktQXY55MTRToiH.jpg,sunflower
o3lvx748LqCfFjw3.jpg,daisy
5yaY7028KBLfBRUA.jpg,sunflower
G0PRfszGrzECtOGV.jpg,tulip
YkRJWejcFLEJn7DS.jpg,tulip
w5JDmIqG6WKSdqxQ.jpg,tulip
hdeYW7ZvYlFT3Sgy.jpg,tulip
QtrppOu0a9piPcvn.jpg,dandelion
bO6dXEf7tKIBuNXX.jpg,rose
WFa3HGE8Mvd9pu55.jpg,dandelion
SE807HRAC4NN0eAP.jpg,rose
VYglAZPzBJiNQG0K.jpg,rose
FiOjuowsx9NVl9v5.jpg,tulip
UcYWnQ1ojolU5054.jpg,daisy
SawuvoC0lKTWXJux.jpg,tulip
11vOspAniXLXS18O.jpg,rose
ucqZn5RK0SmSQf4M.jpg,rose
WoeBBXUIvzZNyhMU.jpg,dandelion
73zheQqHUGJhrbHa.jpg,daisy
peOP4vXxBvtyxzIT.jpg,rose
f1DMix6leMloTLd1.jpg,sunflower
dJNqMmJ8RfhamZGy.jpg,rose
S5V3XGzOuroycYrp.jpg,sunflower
CkfX1hTyXGoGorNt.jpg,tulip
06w9CHZ1GEho5r06.jpg,daisy
z1mOD2sABgmg7vMo.jpg,daisy
kaWI2kgfY1d79RsP.jpg,daisy
GG27J38SEVKcQYIw.jpg,dandelion
r6pFRglQhwze3YL3.jpg,rose
kjkORs0JFqkhKqEh.jpg,dandelion
pqKEE2BalPjvKAob.jpg,rose
1cmYEj46SpbHTi0a.jpg,dandelion
f6iqRTuvI0TRdaa1.jpg,tulip
QCbMZ1KOPPuLy9kU.jpg,tulip
uqH0ooOgIeQv2Wfb.jpg,daisy
WGZNbdS1dTIDBYoh.jpg,rose
Rw1C7nDh029jftfq.jpg,dandelion
pIuWL97BwPNvduJu.jpg,rose
rMzZJyiZGMu6UluO.jpg,daisy
drC75rdhv1YQ6apu.jpg,dandelion
pGehZ4Ovppg3AW46.jpg,tulip
xElPPxTNIEOp2vRi.jpg,daisy
7RRtCsunqUprZHbL.jpg,rose
XozBCEKTrIrL9pzT.jpg,tulip
Uqeq42XpHEmxDMla.jpg,rose
Rc5mGSgzAdSvUtL2.jpg,rose
Z30YRh9Vn5JodC6D.jpg,dandelion
8DhsfoRQ98LsyLv5.jpg,tulip
t8wjGjabQr3HM0CO.jpg,sunflower
LRt33u1dytxPqGiG.jpg,sunflower
kuhhgyl9H8q7TmWP.jpg,tulip
hFahzzOI4cVZwXY2.jpg,rose
GbssgPLFJVMoA24X.jpg,rose
hKPK1kEA3RsvgJH0.jpg,daisy
BdlqeSju1VA81GqT.jpg,dandelion
SXZ6ct1XaxTkofGz.jpg,daisy
AjsgYkq5N6YSrZu0.jpg,sunflower
sUevoGA7YBPKEMfp.jpg,rose
ltAtMxHd4vblGsG1.jpg,tulip
bp4l27KNfEa8J9V9.jpg,dandelion
tJ7oPgqkCAcMywqo.jpg,tulip
rPjTYO3OV8poVGdn.jpg,daisy
EuuUiDl4a0GGQKSb.jpg,tulip
bzgtLTWfycDnzftw.jpg,rose
ttKPtpUic1smIQJl.jpg,daisy
MadAcQ2T7IcdNJBh.jpg,daisy
OuMjRH7IpnM2q8Fa.jpg,dandelion
LlQ2PNnlg0zDmfSt.jpg,rose
sPHiPwxShMqmsH5k.jpg,tulip
UW23GH8vqJBcAv4O.jpg,rose
uzqMadhic8khG6uU.jpg,daisy
yQ3WxsRLNHI5YdCX.jpg,sunflower
hHicw8U5l0wAE5P9.jpg,sunflower
1yuhUnJxw7UNj7mB.jpg,rose
IFOlexXmtzi0tgME.jpg,rose
elYU2g5TACfMLfDb.jpg,rose
IDa7uZUVYL6roOAZ.jpg,sunflower
bAAYYW4wLKHPe3r2.jpg,tulip
73ImhinHcaFfPyhX.jpg,dandelion
gaNZYL0wM3gNe3kl.jpg,sunflower
aTqvLj8Ny2I6g1VS.jpg,daisy
H5QxQctZ0vytbMLn.jpg,tulip
NTUcEPouhUbgwZOm.jpg,sunflower
hMxRskuWi6CY9mbQ.jpg,sunflower
TftBRIvgXDj6xvoA.jpg,rose
Bmnatu5IxCBiNbVJ.jpg,tulip
5JY0SUQtniUFnzYH.jpg,dandelion
eIhYEPNLJgAks1qh.jpg,rose
zVPKemZK4f2Sj4Oc.jpg,dandelion
xZHkQwDrI77lmNTh.jpg,daisy
ez94EYiYvAxgjoeV.jpg,dandelion
RC2ubhbSQd8HVqfJ.jpg,daisy
Juk9iFdW1uWs4OHX.jpg,dandelion
S84Bss55R9mV1KiO.jpg,rose
znisO4361stNYHAL.jpg,sunflower
MdVAB2i5ZmoIw37q.jpg,sunflower
i7iFKpfXdQ9Au50c.jpg,sunflower
knDMu3h8SpDq5egt.jpg,rose
WOsGwW5BiNU53mMd.jpg,daisy
HUs7C0EGOFoA1SNt.jpg,sunflower
B8W9ZQPYQejyhsRr.jpg,tulip
eJzlTic2vIvMDg5e.jpg,tulip
dufZzcbdlCJcrsp5.jpg,rose
WaUxf6VOq4CVlexs.jpg,rose
5APjwGxZfgjEHbFh.jpg,tulip
i1KwqXFk4oEQ2hDG.jpg,tulip
QgE86UdAaxdxHGyk.jpg,dandelion
QDYot09oadD2YjcW.jpg,tulip
osxBS2EjpfSEtO8E.jpg,daisy
Zs0Ei7z77UmsqIi3.jpg,dandelion
ACXEO303xST2uOVN.jpg,dandelion
sk6wLFfK4mscK7YO.jpg,dandelion
mrJ8Zt4VNeWoAQSi.jpg,sunflower
h7IM37ohHHwUcUYX.jpg,sunflower
6Dc5xBsdlBhwOajz.jpg,dandelion
OKeYv6f0pp9Txioj.jpg,rose
Ibc5SZ440MpSV7KZ.jpg,rose
oQMRwM8JDK3iXF2J.jpg,sunflower
4H2GS8dyhWq4zDtv.jpg,sunflower
A81c2AR6a0P4oXL5.jpg,rose
0GfY8v1qW2kflhVA.jpg,rose
HAswe2ZrAk25O2nH.jpg,rose
BmEj0CMCLQnGOhZn.jpg,tulip
7eXaeAi4FIcef5Z8.jpg,sunflower
iHxEDOlGT1bkzPyD.jpg,rose
RclAqNFnO3vPKpeN.jpg,dandelion
gj7SeID9vyLyZDPE.jpg,daisy
9daDvdPRCAFM8By1.jpg,daisy
sw9USs3AmJMVfLQ4.jpg,dandelion
Asq39ZckgoJKalCt.jpg,sunflower
jEmeQZIVcRHoPh1D.jpg,sunflower
BguUwWs3Rlbo10b3.jpg,dandelion
QbCZB0lIqwSIJXaX.jpg,dandelion
utX2rSCm6M1eoRNS.jpg,sunflower
KJ3oJCubUFVhtCrQ.jpg,rose
qPJmOLaZpLsOQLfh.jpg,daisy
BwR6TqSV9G4w9opq.jpg,rose
B9tfvXYQICwT9fqT.jpg,rose
qNd5sBcJSpcqJtTF.jpg,dandelion
sYhEP9b2UlnmsgXS.jpg,dandelion
5fkQmPG9aQYEfLUD.jpg,rose
9cWhmDuN0TTyTmI5.jpg,daisy
6NdkfQsZBSzPmGTg.jpg,tulip
b7pLAr4EvSpYR80D.jpg,daisy
jHcSrk53PcoghE1K.jpg,sunflower
KQZ4dGue6GSVkCvX.jpg,sunflower
0SdKJ0KqTJT3b957.jpg,dandelion
Gcl6JF8NGl0I1G6a.jpg,tulip
4B8FkAq8vgTl34be.jpg,tulip
2QvWLmEeRAMYVBYe.jpg,tulip
y2qMfWNA5fc0OfUA.jpg,tulip
6zimBHRwzmYQPu59.jpg,tulip
TVOjGwSuVIqnt3BS.jpg,dandelion
Sol7PVM2wo4KCDEj.jpg,rose
SeJsJqrciEZLtujr.jpg,dandelion
uDcRFyTAFCyI9AiD.jpg,sunflower
BLKvmkfoDCnwpOBj.jpg,rose
M7YlxX7RwnSTL0ck.jpg,sunflower
3vO2bIizpacuqBck.jpg,dandelion
XnRTJyEamNGIgIuy.jpg,dandelion
qk9uYyspi1NgRa5X.jpg,rose
a0G1gSlAa0mlNBWx.jpg,daisy
B0z0uvLzpkKhRgBc.jpg,dandelion
K4cT1D8hhArWZZUZ.jpg,dandelion
bZlDAMkQOoYMx3ZD.jpg,sunflower
xyL81N4t06schOkv.jpg,sunflower
VTPIks5WfrGnMx4m.jpg,dandelion
d80MfBbyfPXEcUru.jpg,daisy
WM1sOxWNiS90lZv7.jpg,dandelion
N40jRl2l30wv8Rb9.jpg,sunflower
MdhNVLNZxvahF4zw.jpg,tulip
JE30iO9oecPVCAPp.jpg,rose
xWjlhd21vyWOEkEn.jpg,tulip
Tjl9Olgjkgaqo6qX.jpg,tulip
vjNlnmm9nUsYbiN7.jpg,dandelion
T7RRRuQVqolHg6he.jpg,rose
rnPSHUqlxbJF7kKh.jpg,dandelion
gPHTtpudV5rbCKxy.jpg,rose
ujkn0YN3pk46DVAy.jpg,dandelion
Y59avB7IVLyg5QM3.jpg,dandelion
URA5SohyXCxFtswG.jpg,dandelion
vnKWsVfwfhzMAmWT.jpg,rose
t25yGrFbTnGCAq92.jpg,rose
pI7d2WwU7URRJMBa.jpg,daisy
CfDANpZ7IEIGVS4v.jpg,rose
YEqew2nJMRSJJGlh.jpg,sunflower
FrqHreKMKCZIe9nO.jpg,sunflower
gy9I969fdHNAhXIm.jpg,sunflower
U6VSf87hEyZTdmCl.jpg,sunflower
oqBcqqOTCEvOPs5j.jpg,sunflower
wzAKItmQ0eCWagfl.jpg,daisy
7LsIHMN9DysE6CJF.jpg,sunflower
9gCvyFmDf0OLrWdu.jpg,dandelion
Ogq9LfF2rPlOFMlx.jpg,tulip
ZyNR3dwdq5R2NVh4.jpg,sunflower
niMyDUpf97WeDJn1.jpg,dandelion
ZgYByNXjvqsVkXi3.jpg,tulip
wPU9E03bmHkuOWfu.jpg,rose
ebhFQFTtrpsmAsvW.jpg,tulip
bKNBFGtEhvhk8EhC.jpg,sunflower
Rb3PPMGFJ9AhDbuJ.jpg,sunflower
92RRDHUIsDDKOFY5.jpg,dandelion
jKTz6qfkuitOvXLL.jpg,daisy
YxwymOvDkD5ExWkH.jpg,sunflower
KjZrePlkQAvYAvVp.jpg,daisy
1l3IWTS2aZQbtf0t.jpg,daisy
bBC40yZPd9W1xXtp.jpg,rose
LCPUaBbcQsv9eu7B.jpg,sunflower
JtG7fyuI03vLdzy8.jpg,daisy
CSX2S5H3gCrOEXMa.jpg,tulip
F4wDplw3rpL1shki.jpg,rose
dXYL0w2IVPDn9zUw.jpg,dandelion
0CN4XYEOPRWNPpWx.jpg,daisy
h3OHBEocJIfsGol9.jpg,daisy
YFITMCdym66ct0Rs.jpg,tulip
VzqgtSixGkQ2KirB.jpg,tulip
D4ezgZg92nrNEfDL.jpg,rose
KagG0MV6sust0k6K.jpg,tulip
QqRoaDpezeDgJI6A.jpg,rose
tjkADAMWgujJUjOG.jpg,sunflower
lIgcbXuNgjSVxtPX.jpg,rose
5Qn2uJz7y5smQbgo.jpg,sunflower
0sDwfNeYWc1CHeRX.jpg,rose
dOXuO3SXA3wPQZ4L.jpg,sunflower
WKMb6uBYEVImyaew.jpg,sunflower
GKAD8tSamfluBNMl.jpg,tulip
4L1UQdMItr8FppLz.jpg,tulip
B8pD0g1i0qSZb0ee.jpg,dandelion
ZSXPVcCdJkbO49tF.jpg,tulip
jFzH37E7zdpeKOWY.jpg,daisy
1vEp1Gv2EruN0L2h.jpg,tulip
2v0UXwTOfehFQ4ya.jpg,tulip
KG4wtYimOcpM4bYM.jpg,daisy
KZuCHRYxZmaQPkzB.jpg,dandelion
nnXhbNyRkk4I8YDK.jpg,sunflower
46RMT5TbcDkn8DGC.jpg,sunflower
95Qiu4OqUEKXCcvq.jpg,dandelion
tP82c3FGsk6Ae08Y.jpg,rose
LS89Uvf7FZgRVKk3.jpg,dandelion
vmyjsrdxuIdvwLY1.jpg,dandelion
n0qtiTku8XzrqhpS.jpg,tulip
ZsK7pJpS28ojYyel.jpg,rose
eB5NcdATQVVa8MoS.jpg,sunflower
NR75Df3Vz7Dp9fza.jpg,rose
WJRhX6xB1uZawcKV.jpg,daisy
gtT0AGS53YNe8MPe.jpg,dandelion
IFPw9S6A24NBC0qX.jpg,dandelion
5Sra4z4PaEm6a68d.jpg,sunflower
6KOjoXtXH2GV2bhd.jpg,daisy
2xEegJgdM2yWCXez.jpg,dandelion
exV336dph9I6CdKN.jpg,tulip
qrDn4Iq0kDIcxHau.jpg,rose
q6L0CSvhGRAKkLTc.jpg,dandelion
KSrxCAxVBmHBBjVM.jpg,rose
t9GL1HUwFM2KC5lu.jpg,tulip
idHXdZa50QzgFfib.jpg,dandelion
OBVLQfjqQtjidT0H.jpg,sunflower
pRf45w5qPIn6WimK.jpg,dandelion
frxY1vz7MSCBunHJ.jpg,daisy
BsvipJJuUTvO1khc.jpg,daisy
66lH8sOeuLYNB80P.jpg,rose
LKNATUsivDd11Mh5.jpg,rose
qV6UnsrebrNnh1UL.jpg,sunflower
0wAXtVvPZY6Xpjal.jpg,rose
zdMWA76QbxnpnqzP.jpg,dandelion
XP3SnCAoUVf5I5r9.jpg,rose
G0fHoNLoV1WLHrxR.jpg,sunflower
Md7Li9IcDB0khPER.jpg,daisy
Im4vYH09ViiCwVuI.jpg,rose
1ZM2Jplp3KVTXrrV.jpg,sunflower
DW0cPkYmFEOz00md.jpg,daisy
RelOerOd3JUsXA28.jpg,sunflower
ObzHcFjKoi2yt3Qy.jpg,dandelion
zmiEjCp32jQQLheD.jpg,sunflower
WrtYUYZJi0eTZWgq.jpg,dandelion
c15Szgry14vJj8cG.jpg,daisy
NYdrLIoBZ0E8uYE2.jpg,sunflower
gk3Do6abCW1nf7ot.jpg,dandelion
bZszEOvt9s3Y6WvD.jpg,rose
d18ecw1b7EdsWU0M.jpg,tulip
4ZSODILTgk3Typij.jpg,dandelion
eVmTO5dHdRNGkQtY.jpg,daisy
2np9LmCfhgOOv5c9.jpg,sunflower
hYqeVkqmEMh1XsM9.jpg,tulip
BRmG6guPQyPc4a3W.jpg,dandelion
Y9sX16CJAvnBbNf3.jpg,tulip
aoYRpgEIf7vAcV8r.jpg,dandelion
cbclsvdLa0sbiTq3.jpg,dandelion
lTMsX9otGnYPc6qF.jpg,daisy
g0gG4e6gJE05yOeA.jpg,dandelion
NVYTvKkFg18qEIHw.jpg,tulip
0MgkvIV8429HhmqN.jpg,sunflower
iHuMds3PZscr3X69.jpg,sunflower
OxtUHpnBnVeE4rVt.jpg,sunflower
k3NrpHoydDHjLddd.jpg,daisy
ro8tMQJI2EsIFZ9C.jpg,sunflower
RFbLGhJWTRG7KmNr.jpg,rose
W2k3dJjzhCwcBU12.jpg,daisy
QUGebGVXQDUOKWiQ.jpg,daisy
95UjidE7nALOVToH.jpg,dandelion
tP7EGSg35kWhllkY.jpg,sunflower
L7gEO84Bostgjmyp.jpg,dandelion
2GRDFgKCj9OIR9Lf.jpg,tulip
J924HaWUR9tzLhZR.jpg,dandelion
W8K86HlsPSJCRtmM.jpg,tulip
OdwWmLRr9Sk9ACgg.jpg,daisy
6nNRNhYkOKrnIf7c.jpg,daisy
IJklagdVrbS51zt5.jpg,sunflower
YKthFBwxojqqTBBY.jpg,dandelion
j01Ok8vxa5C7AYL4.jpg,sunflower
dlGHwuKssh0kOWsT.jpg,tulip
eugVk9ikt3uxA5By.jpg,rose
cPTmHKlU8sMgBlyQ.jpg,rose
52jzhDld6PT7LkA5.jpg,daisy
bHBx5v7lcDspEgRx.jpg,tulip
9TJtZ9BjNOkZtcHS.jpg,daisy
UKsmmRnivnriKvq8.jpg,rose
4pwFMuPAb220sV9A.jpg,tulip
hdfDKtOqOBeHiR8R.jpg,tulip
GzsRNB8PMO9FrJLM.jpg,daisy
FrPcd6JR1bxWKIiJ.jpg,tulip
aAdi3hTZIpJtJoGD.jpg,tulip
2o8Kr0FZitS0xoVO.jpg,rose
PF9B5CSl7anRo1nx.jpg,dandelion
X635thUp5kNgAAKS.jpg,daisy
xZ2piNLtX63UTaO9.jpg,sunflower
MAIrSifLLcnM8xNz.jpg,daisy
8Sr8oBfXi9ywBJji.jpg,daisy
8HNmh67CcAYicpjG.jpg,daisy
73jjGWUwyOrTpyeg.jpg,dandelion
YeeEa0PvfxUM5ziI.jpg,rose
zfEWJctelHbsmccl.jpg,dandelion
t8nHgalnxkpm4pdk.jpg,dandelion
JANSqZ3UWpzNXHN1.jpg,daisy
1d9XRcO5p9f7T2Ql.jpg,tulip
PlyVbhnYrgE8fDq9.jpg,sunflower
rCwlsLxbM2g68vp9.jpg,rose
E9nEN6S8vEoZVH5U.jpg,rose
jS9YZpF6mcMvChZ0.jpg,daisy
bUzRAES2jQDZvlZR.jpg,tulip
HTF4mJgRCeqHLMew.jpg,dandelion
YxiQ4hPXFaCtOh1s.jpg,rose
un17utxIQVyeUeOA.jpg,tulip
zXohNDtTNkaYTMvi.jpg,tulip
26xjWDmJcg9UtDC4.jpg,daisy
wKR1xHr6cM7FlgmM.jpg,tulip
Elti9nxDRujsu7ia.jpg,rose
msPxHm0RVGvMvJOm.jpg,tulip
xXVgKLUzkxDyhAtf.jpg,sunflower
zIcVBrrrQA4H1e1M.jpg,tulip
vb3oKErJBVvsrbUO.jpg,tulip
gN191TDwMSV2LHTt.jpg,daisy
PI5ZLHXrQrHYzprv.jpg,tulip
NygIQyGRklG39xvH.jpg,sunflower
3dociHzWCqhNTbVF.jpg,rose
XPoEjmexWyqp0TpU.jpg,dandelion
nrwRpMR5IaAs57AC.jpg,sunflower
330SKaxdslOWVDfB.jpg,dandelion
crUCL73YXSwcqXYm.jpg,sunflower
FzqFqnCSruTiDVK1.jpg,rose
f07NkFont0xyAbCZ.jpg,daisy
z8jkhqKr3MCHFpWL.jpg,dandelion
MjXMLjwLLg9r3bYz.jpg,daisy
JGHD7N44Fyehy49U.jpg,dandelion
wzuiR7MMEFcC4SQb.jpg,dandelion
xjaTxseEKJKJE04O.jpg,dandelion
ePFwUMTjn11a13wK.jpg,daisy
naD2672jB268abxa.jpg,dandelion
m9pE30vmoSpLDvSV.jpg,daisy
sruVzms8MkeFYV1G.jpg,daisy
Ps0g8PIX3aWHqQHY.jpg,tulip
RYQzBuagQQMLTTKB.jpg,dandelion
U07TFAHBGBm1w1n9.jpg,dandelion
nOTFeiHd9r4pahuB.jpg,daisy
GjnNCABs9tjqh7fT.jpg,sunflower
kBxFz1VF2pQp4D2c.jpg,tulip
wtp4ZJHl0uGOqvXH.jpg,rose
T99UJcJca4khIo6V.jpg,tulip
HkAyT4DPqeocgoWd.jpg,daisy
98bKj9wlqBkbnv0P.jpg,dandelion
rSFmkgIteLsiLR8K.jpg,daisy
01ZCuw3goSDpEp0J.jpg,rose
jk4BHxMNYnm7aCk3.jpg,rose
EJMPYuMwrj8Cdmg8.jpg,tulip
6L66fuzUCMgknvyD.jpg,rose
fc2Ff0x3yPUt4Zod.jpg,rose
NsRlma1gRp4lzxKb.jpg,sunflower
kyoFnX9BWIoUmX3y.jpg,sunflower
SyhAddYSvsoL8NW2.jpg,daisy
cu6yzeKyfUJRWfjo.jpg,rose
Lx1pYVi8oeaWnOSy.jpg,tulip
NYQ7VGBd4XxIsRbm.jpg,tulip
wdZsOZtDeJHjUHxy.jpg,daisy
34fGYerklR4jeBAS.jpg,dandelion
RuiFG8BcT0Da32nZ.jpg,tulip
DNwoSPEN2KYBmSJU.jpg,sunflower
khpVhybBLHVS9XAu.jpg,rose
QDdX2ZQBvgJw1hF9.jpg,tulip
RlsccG5Fa57jVLWh.jpg,sunflower
Q9AV3mc3h5qI5oJ2.jpg,dandelion
Q66p6F6X3wI6k5YG.jpg,sunflower
Co6OrnHGD7iRjQBj.jpg,rose
xUoF2Ps1XBQAs9KV.jpg,sunflower
VbPDFU7erDX1SgaX.jpg,daisy
nAporpR4BNYPmqKr.jpg,dandelion
rfXpIFyfb0i9F3mn.jpg,rose
hZKVDqtkJTPIOpGz.jpg,rose
JDuZmsarqZdCxYaO.jpg,daisy
ZLij8ZVZZEaFXGBR.jpg,rose
3Rc0Qjg8mLC64zrZ.jpg,sunflower
7IKfTTueyUugfuah.jpg,tulip
sWg28AFmt5ukk5Hs.jpg,rose
x9rGVQfkiINSz7CS.jpg,daisy
uQPhQSnT4UhWvtlq.jpg,rose
AqFQYkRkTZDEKTYE.jpg,tulip
U5lZkUA1nNpQNAd5.jpg,sunflower
RwM8haWsVlRiTR0W.jpg,sunflower
cWOTqa7pjEB0hnmg.jpg,sunflower
KOTuEYR7QacgTvC5.jpg,sunflower
Noy79UMeGzINxXZS.jpg,dandelion
tLpGKMAvZVIynyJM.jpg,dandelion
hGhEKEQSOZbh56k6.jpg,rose
Bff0cbuluJs2gegq.jpg,tulip
7asoQ14zp5WilmqW.jpg,daisy
bPi7z0qq8g24AEfL.jpg,tulip
cCta51qP0fL7wRYg.jpg,daisy
xCqvsEhSl7dPH9fa.jpg,daisy
PHoGkN6ohLYHAaCS.jpg,sunflower
A8ZxqsowZOJKwGcU.jpg,rose
k4XQ6mhDJf4kwKkP.jpg,dandelion
aJGsGCrKLzmdMgj6.jpg,tulip
nRCwmYzwaqkwMzI0.jpg,tulip
1wng1XxCuAhP47jW.jpg,daisy
chFbtVsPLpuKU8az.jpg,tulip
aTCkDZrwo7RKH1Id.jpg,daisy
KVNRzDMQ9qvKUx5x.jpg,dandelion
MEMZ89yNxnciFol7.jpg,rose
nlCR1PKmDxjHZZ8k.jpg,sunflower
IKVvnlwUhSBwFEzG.jpg,rose
jZSe3uTp8nh5if26.jpg,tulip
29VW9U9dR9QU9Fwa.jpg,rose
VPRLkPP5mkMgLOMi.jpg,tulip
I1oyQ1B7hdwCU1TN.jpg,rose
Lz1T69qDr4aX4oTa.jpg,tulip
65QTjY8MY7DIsZnb.jpg,tulip
P8zUXVfGTtT7TTAx.jpg,tulip
KAFIpQkmenwOC8sk.jpg,daisy
TvznPWvLaMZMijz6.jpg,sunflower
hZQHecgMXBw0F0PR.jpg,sunflower
7OlMg6mgVlcm3xOd.jpg,daisy
xdon5vvQHECg2CzC.jpg,sunflower
YtBt3LGTvfxTpdGi.jpg,dandelion
u6Qk7ck1EO2EVq8S.jpg,dandelion
IolEzPBxbjc69tWi.jpg,sunflower
8p7YRU5paRsKTp31.jpg,daisy
qInwSkcuDNM5mly4.jpg,tulip
mcttXYjZgyOuryD2.jpg,sunflower
Kl3eFEnrP4OrCgBy.jpg,rose
lclkWH0tVeAqZYuD.jpg,dandelion
hCauJaiFaXDaucnv.jpg,daisy
JP1wHq85Qn6kYmJC.jpg,dandelion
AvHCMSVRChboDo0f.jpg,rose
VPLSiNE20SlyAW1C.jpg,daisy
S23gCTTexxygP1dM.jpg,rose
u0GFXCouMxBl9Ohe.jpg,sunflower
mx2wzQl71AovvIlP.jpg,rose
qZZSF4Fa7pAsVzFJ.jpg,tulip
7hcaznOoFB7stUb3.jpg,rose
pnG3fd3LiRuI1235.jpg,dandelion
zQP5HMypRUAQPLms.jpg,daisy
LQbp80hf5JxJAnJv.jpg,tulip
mfjF2zFogTPPumO9.jpg,rose
d2cmJIKJaQDuSg9H.jpg,daisy
SzDxGDobJ2loTDLe.jpg,tulip
7xKwdNy3JdZiJETw.jpg,tulip
njw2yENjEzKtAuEk.jpg,daisy
Iy20aQZYSJaMoXe3.jpg,sunflower
XcUVaeex3wn8Wig9.jpg,sunflower
68e9qoGACvRHQjrl.jpg,daisy
GqtZyGC7WPHXBBGs.jpg,dandelion
qbnbCgYeR3jUTLJe.jpg,daisy
SNCuizg5RHht90Tq.jpg,dandelion
7M5jVX4WmGsceSmu.jpg,tulip
K2cy8cplLcEpcTgi.jpg,daisy
vPuF6AfPG80u6KCc.jpg,sunflower
n9qA0D6nQO3KYeRw.jpg,tulip
7ZDaAS5sPV2EsYox.jpg,rose
7OM5QPCoyJIuN4Ib.jpg,tulip
KC3n0UDA6lVl4LZI.jpg,daisy
2L9Z51pNq9FCYbt5.jpg,sunflower
zm7cxmA6treumkDU.jpg,dandelion
JaTbBy4XlkZQhE4L.jpg,dandelion
PnmbbxLJI8Zvvi4h.jpg,rose
TnG4xWMlkkJFElbK.jpg,dandelion
0kEpvFUZJn8r6GIA.jpg,tulip
m1ySb7jhQgIYm0UQ.jpg,sunflower
J6EhN7m0eFGyH5j3.jpg,tulip
r3F5ZApVI62GFS76.jpg,tulip
eOmH37IpDdMDCHqO.jpg,rose
VSGLibmNw9kcNoTk.jpg,rose
7kRqCCYFi956pxys.jpg,dandelion
j1jCZSszjJt1IzYW.jpg,rose
R7xVH2DVYg4BOTZ8.jpg,dandelion
XxVtHreQAc2E8dq1.jpg,dandelion
qOXEuIwxnmmcrl4h.jpg,tulip
IPYpYR9I58ZY3nH8.jpg,rose
7fTLIZca50f5iaNR.jpg,rose
97r6fgtiT4GuEgZT.jpg,rose
q3SuEf528hG1kpMd.jpg,rose
WtnvLUw1nfaqNQ5n.jpg,rose
b7pE9dCNDgrWKG5j.jpg,daisy
DH4H865reXrNZkT0.jpg,daisy
ObSvSmpmswDyspZG.jpg,dandelion
fSrH2sZz5L1PtMsO.jpg,sunflower
dlRLih5pzunsQ5qA.jpg,tulip
oqJdDXFOc7JsIesA.jpg,daisy
mzCgurvcYdoIolnF.jpg,tulip
DXe9ouQeN5h69tVP.jpg,dandelion
U5idCx8qT9uoixnq.jpg,dandelion
lmSkqfujkN1MUYcG.jpg,tulip
h4YRJONfJtqpsm5X.jpg,tulip
xkLaTSaySDn7G3Ny.jpg,tulip
CZla1eT5HhsFXdDx.jpg,dandelion
GCzdp6MGjMXZZZ87.jpg,daisy
tz70aEY6c2pdxYUJ.jpg,sunflower
S1hoaPNgUhfwdfcH.jpg,dandelion
nRclodFbiAla4N7R.jpg,daisy
qxtFwl6O2Ee9QmwV.jpg,daisy
s5Hq74Zsyuot30CX.jpg,tulip
z7pLfL1X6B7qE0zu.jpg,rose
QktJUgnguFY9kgz0.jpg,dandelion
zQL2GroUhQ8uW4WY.jpg,daisy
